bac877fc-b86b-4519-976c-2e1131ab5813,draft
8c102050-539a-429d-a14c-0682393a23c5,draft
9b4c21d1-eee5-40c0-8e1e-0836f3c3bab7,draft
ddb22565-d371-4018-8a61-317b30a5b300,draft
3f382d59-6730-48ce-b545-d709c3dd072d,draft
ac967ff1-24d1-4729-8730-5487396675fb,draft
f99d0ba1-3e9b-4686-a98b-cfe8bd9d4aa1,draft
2df79b90-19b2-47cd-a8b2-8bde9c2a0b2e,draft
a153cd66-3bfd-4094-9835-af0a1bc0c55a,draft
49fca0f9-172e-4146-8e6c-8463ac918d30,draft
9623c0ac-6286-4b5d-a651-da696b679d69,draft
ad5d02dd-627e-4851-9939-9f3687d12497,draft
5068f5b2-87c6-4781-81fe-223f9df2e2e2,draft
796cdca2-975f-415c-8113-c5e82bb28137,draft
93fda445-f46e-4d10-8bfa-a8fa91989460,draft
d1efefef-1c42-4981-9259-9c22962ab067,draft
0a13ce02-e206-4b5e-9ed8-734531cd88c0,draft
5a51d570-bece-4cc5-8cfa-4a647f907c41,draft
74d3b648-e103-4651-a3ac-2e57a4a5d4ce,draft
49d3805a-cd5d-4e2b-9f76-9a305252eff2,draft
bc473c60-db69-4a3e-b0cb-27ad4efa4dc3,draft
8abd67af-fa1a-44b0-b3e8-244e7a003f14,draft
ed2fd195-a912-46c8-aee9-45cdd6b82295,draft
3dda71d4-91de-4804-bdaa-41e5e7346027,draft
62f00ee1-8c29-4b14-9eac-96c07c5a2974,draft
fead8bb1-f247-46ea-a168-5e174783641c,draft
961837a3-16cd-40f3-9beb-343ef2f07091,draft
952e2b1a-0091-49e4-91fb-51272c7300e8,draft
efaed946-7793-4dd3-a808-59e285cbb556,draft
15ee5850-1c67-43de-b815-807ede0552d8,draft
4369d524-d359-4f46-b8d1-9a6e7235d30d,draft
a4129599-8d97-47a5-ae59-400d39a90d9d,draft
b8680907-5a65-429c-95fa-865380609e7f,draft
07d37e1b-5ce1-42fc-b7ec-fddcc23df324,draft
be1509e8-1e91-4b0f-883c-6f8ab0a831d1,draft
f8267502-2a15-49e5-b66b-c6b6eefb484a,draft
12f2d800-21e2-4a2e-a868-1cf3cbbae623,draft
c473e139-cab5-4eef-8fac-11d763c85b5f,draft
8665f98f-4b39-4551-a147-273ef7f3dfe7,draft
095d97b4-c32a-4243-957f-210752c85a8b,draft
43d8cbc0-335b-433b-aef7-2db4cb7a476b,draft
caba2750-6692-4fee-8778-81e019dde86a,draft
a68de6f3-80c1-4322-a913-69de438e6d69,draft
24d0666f-80b5-422c-86f0-3c16ed875081,draft
87a7cbea-8edd-43f9-8dff-2f8c36172335,draft
bd4d264f-8057-48e4-b3ee-de9d1c86104f,draft
9c6a44a8-f753-49c9-b1d6-23d8e137ddc3,draft
f7bd7c05-ccc4-48a7-91a3-55147c2a33db,draft
58ed2990-2cff-496e-b138-ddd05cba935d,draft
c80f8e8d-ec00-44dd-b564-d0786464f9e7,draft
ac21aaba-251c-4ab7-b969-a88b1b425c8c,draft
a472841c-966d-465d-9515-60838d8ba6a4,draft
2747b216-49b8-488b-9810-746bd3329691,draft
9280bbf4-050e-4cdb-9431-995d2f290f39,draft
6425255d-6fd8-4674-9c1a-1daf9bac8602,draft
63ac5166-0aa0-48be-b7af-d6349f95b135,draft
7ec73f80-8b06-4c2a-87c2-50c076cf7243,draft
b59b609e-ac43-407e-9de0-db6fbea53e0d,draft
e08ef860-be89-4e94-b9d5-4e774111331a,draft
96ba4206-9da8-492a-ab48-2f1d71873456,draft
b33eb451-d79e-4deb-a53a-d22a7de8afb9,draft
9e406a70-a9d8-40ad-acdf-cbb5d27a8e05,draft
82b9f52c-f9ba-403d-8201-bd76e2cbad80,draft
c06d8a26-423f-4bd7-86cf-1bbf336b3c32,draft
c92fe8bc-5a19-49e8-870f-d1d8bcd4205b,draft
80d1911f-9151-44df-be40-36352aaef451,draft
fdc6a178-cca5-447b-8bb5-83e94b7fc039,draft
87e0708d-69ef-467c-902d-1c2b05e6e12f,draft
7cf87d75-e9a2-4880-8bbd-64a30b2d10c3,draft
36f467d5-61b4-4053-a7c0-a1b6beb1eabb,draft
4356754c-d53a-4e10-88e2-f0cf1882a807,draft
84fa5d0a-5bb4-47bb-9709-e0a89c43bf64,draft
a439a21a-ed90-41da-b722-b4ed0a8a427f,draft
e511e0f3-e8bb-443b-840f-3a4d5379c6bc,draft
1cecc020-7c29-457c-aedb-a07ae5b249d1,draft
4e63fafb-ec4e-4320-bf52-6a881ca8dd33,draft
0c1eb224-166e-4048-9b69-d0da94425cb7,draft
808e7a09-c8a5-4fad-86f6-c6d4a1fc45f7,draft
bfffb428-93b2-445c-a305-ce4411289568,draft
4c7feee6-146c-4a77-a8f0-1402713c7ca5,draft
818088e5-258c-4a2e-b1a8-5a118e42ee67,draft
a1eee337-3e47-4794-8644-0177b90fd412,draft
38911bbd-51a6-4987-92c1-3c411444f049,draft
66936fd2-47e5-4950-89f2-eed976379ae4,draft
2c24d0a2-dfb6-4751-86d2-a7af4936e3cb,draft
67da8ed2-35c1-45b2-82bd-32e10e3aed4a,draft
27858254-173e-4d4d-b0c7-6a1b97ff8483,draft
1c3ffa37-8392-483d-8c6d-94974cb7f5c0,draft
0e91e966-4155-4b55-9e59-dab28effa4f9,draft
81c32f57-7a46-4f90-a8eb-44cddf7b09e1,draft
20c4146a-872a-4650-9b58-dddc4a8938e3,draft
f31b7396-f403-4189-b5e0-e1f32107bc7b,draft
07b3b766-d99a-4b62-9b4e-c56e39dd369f,draft
91036f69-1ca6-4a85-ba98-a4ae1b4112ba,draft
f5ce8269-36bf-4964-98de-5c009295c168,draft
197f4f31-2d58-4900-8b0b-04e7030a09f3,draft
5587f6c6-d69a-4ac1-b44c-6ec80cb66ec0,draft
1db1efa8-56ea-4228-873b-580b7108318a,draft
35f513e7-fb26-4c63-8fa0-bdab783df09b,draft
6d51bf33-52a4-41c4-8c80-a4a0bce5d3bf,draft
f98c1fcb-ebac-4a54-a640-e3cc74888f49,draft
59b20c3c-7902-45f4-b81b-4baeab4fc55f,draft
36378eb0-536a-4114-86af-0f8e470fd000,draft
f2e39df3-5145-4228-b2ab-64795aa1992c,draft
e1ee5b72-a1f3-4ef9-98bd-97313ed2267e,draft
f629c5ab-34dd-4d73-8531-3ed9963e0a16,draft
4890f23b-6497-4cd9-ba4e-620bc67e6a14,draft
d3b89e6e-b663-4b44-b9e7-5bb5e3dcee4e,draft
0178430d-ddd8-4a79-94a7-caa45cd39c2e,draft
7ac61704-0b04-4e9d-b489-9525212ea2f3,draft
ec69f226-d781-4cf7-aa9f-7b10a0669f6a,draft
b84dda7c-7502-4318-bb00-e05467a52779,draft
6295aa02-4338-41b9-88a6-f86184718b14,draft
ba3f2c51-9fd9-43b0-9b2b-f742295def51,draft
4ed2aec3-9b42-4518-a1b3-776313a101fd,draft
bdf4afa8-b642-441e-b3d3-c07da67e1008,draft
ea10166c-7ecd-4342-8577-b51508e84dc6,draft
b8e9d369-5291-4e83-9c35-2ad917f48a88,draft
fa281eed-92fc-4de5-be4a-63ef8751e8a2,draft
2ee79064-a06e-4d11-a6f1-238035168f8c,draft
2a8d238c-001d-4fcb-b025-731fb1e54629,draft
3f1e1eb4-7847-4043-bf53-bbaed78d342f,draft
906d8719-f2ef-4230-b1ff-420fab893ffe,draft
dc846bb5-dc36-4ee2-8982-39689a042403,draft
8f7ac7d8-dab6-4cb6-94f4-87e69dbde628,draft
7559bda3-1eca-498f-8937-a6786c9db9b9,draft
126b97cd-efc0-4ac0-bb96-e960bc4ee32b,draft
f61da8e5-32bd-45b3-a80b-337f467c7892,draft
f6ed8e85-3da4-48ad-a860-4388b08ae807,draft
fc7893f8-3ec0-4bcf-954e-21ace6a9c7eb,draft
54b3a610-1c96-44b5-883c-ad902fb7e147,draft
aaaa3d6e-34e9-4126-b6fb-8d9155e4c39f,draft
06306599-a6d1-45ed-9f07-0b21be0601be,draft
f9742449-3ed9-4b83-a7ca-e181f746bdbb,draft
0b39077f-8984-45d9-bada-45db99e5843a,draft
6f60e84a-d542-4bf4-8b67-050795e084a6,draft
8ed2e205-17ef-4d1a-a268-b04c00c08dc0,draft
9f8e48c5-da54-4bfa-b28c-682f358be5c0,draft
67d0d50e-f9ff-4d0d-b248-ed79daa4635e,draft
342ce630-cac1-42d5-8680-c0094a86d99c,draft
cd9c0e31-ab23-4efb-9922-ec0df624676b,draft
1dabe363-d762-4a92-97f4-fe1792d6b6e9,draft
13a82dde-a4ae-494b-af7c-281d2a13eb91,draft
c9094567-0def-4b84-a222-4e2cffcb85d2,draft
f6bf6513-67ad-44fb-bc86-ccd8df0c675c,active
de2bcddc-d12d-4033-933b-cbe3257948eb,active
7e0e7906-24ab-4db8-ab3f-d5db60cbcf0a,draft
77085eef-2bf9-4d1b-ae36-4d43105acb75,draft
f48efb25-0b63-4b52-8893-3434009db582,draft
890b5af8-5d9f-4ac1-af14-8ba451223c73,draft
